12:07:54;62.950;20
12:07:54;62.950;92
12:07:54;62.950;11
12:07:54;62.950;280
12:07:54;62.940;54
12:07:54;62.940;9
12:07:54;62.940;280
12:07:42;62.930;16
12:07:42;62.930;162
12:07:42;62.930;102
12:07:42;62.930;125
12:07:42;62.930;122
12:07:42;62.930;86
12:07:42;62.930;137
12:07:41;62.930;86
12:07:41;62.930;290
12:07:41;62.910;139
12:07:34;62.900;116
12:07:34;62.900;51
12:07:34;62.900;33
12:07:34;62.900;27
12:07:16;62.920;38
12:07:16;62.920;136
12:07:16;62.920;326
12:07:16;62.920;500
12:07:10;62.910;86
12:07:10;62.910;55
12:07:10;62.910;5
12:07:03;62.910;8
12:07:03;62.910;120
12:07:03;62.920;128
12:07:03;62.920;56
12:07:03;62.920;85
12:07:03;62.920;72
12:07:03;62.920;86
12:06:52;62.920;106
12:06:52;62.920;103
12:06:42;62.900;14
12:06:42;62.900;21
12:06:42;62.900;19
12:06:40;62.900;47
12:06:40;62.900;48
12:06:37;62.890;28
12:06:37;62.890;116
12:06:30;62.890;4
12:06:30;62.900;8
12:06:30;62.900;98
12:06:30;62.900;5
12:06:30;62.900;51
12:06:30;62.900;17
12:06:30;62.900;123
12:06:30;62.900;40
12:06:30;62.900;123
12:06:30;62.900;104
12:06:30;62.900;72
12:06:30;62.910;124
12:06:30;62.910;10
12:06:30;62.910;51
12:06:30;62.920;122
12:06:30;62.920;67
12:06:30;62.920;136
12:06:30;62.920;29
12:06:30;62.920;18
12:06:30;62.920;130
12:06:30;62.920;125
12:06:14;62.910;51
12:06:14;62.910;122
12:06:14;62.910;51
12:06:13;62.910;128
12:06:13;62.910;53
12:06:09;62.920;123
12:05:26;62.930;212
12:05:24;62.940;2
12:05:24;62.940;9
12:05:24;62.940;23
12:05:24;62.940;79
12:05:24;62.940;57
12:05:18;62.950;5
12:05:10;62.960;127
12:05:09;62.960;50
12:04:47;62.960;125
12:04:47;62.960;103
12:04:47;62.960;184
12:04:47;62.960;8
12:04:47;62.960;280
12:04:47;62.960;62
12:04:44;62.950;50
12:04:15;62.960;2
12:03:59;62.970;19
12:03:51;62.950;57
12:03:51;62.950;186
12:03:51;62.950;150
12:03:51;62.970;52
12:03:51;62.970;437
12:03:49;62.970;50
12:03:44;62.970;164
12:03:41;62.960;268
12:03:41;62.960;12
12:03:41;62.960;20
12:03:05;62.950;50
12:02:45;62.950;24
12:02:44;62.950;389
12:02:13;62.970;133
12:01:51;62.950;129
12:01:51;62.950;67
12:01:51;62.950;68
12:01:51;62.950;280
12:01:51;62.950;159
12:01:50;62.950;83
12:01:50;62.950;67
12:01:50;62.950;125
12:01:50;62.950;122
12:01:50;62.950;280
12:01:50;62.950;64
12:01:50;62.950;63
12:01:50;62.950;130
12:01:50;62.960;66
12:01:50;62.960;130
12:01:46;62.960;35
12:01:46;62.960;120
12:01:46;62.960;65
12:01:46;62.960;280
12:01:43;62.960;122
12:01:36;62.960;86
12:01:35;62.960;130
12:01:35;62.960;183
12:01:35;62.960;97
12:01:35;62.970;2
12:01:27;62.960;52
12:01:21;62.920;52
12:01:21;62.920;47
12:01:21;62.920;81
12:00:30;62.920;53
12:00:30;62.920;11
12:00:30;62.920;97
12:00:30;62.920;103
12:00:29;62.910;160
12:00:11;62.900;6
11:59:47;62.910;131
11:59:47;62.910;73
11:59:47;62.910;35
11:59:47;62.910;35
11:59:47;62.910;280
11:59:47;62.910;171
11:59:28;62.920;12
11:59:24;62.920;86
11:59:24;62.925;114
11:59:24;62.920;125
11:59:24;62.920;108
11:59:24;62.920;59
11:59:24;62.920;95
11:59:24;62.920;8
11:58:55;62.910;86
11:58:55;62.910;69
11:58:55;62.910;92
11:58:55;62.910;75
11:58:55;62.920;8
11:58:55;62.920;178
11:58:55;62.920;8
11:58:55;62.920;45
11:58:55;62.920;58
11:58:55;62.920;66
11:58:55;62.920;125
11:58:55;62.920;61
11:58:55;62.920;75
11:58:55;62.920;125
11:58:55;62.930;124
11:58:55;62.930;8
11:58:55;62.930;125
11:58:55;62.930;75
11:58:55;62.930;8
11:58:55;62.930;120
11:58:52;62.920;103
11:58:52;62.920;4
11:58:52;62.920;373
11:58:45;62.910;185
11:58:45;62.910;103
11:58:45;62.910;125
11:58:45;62.910;69
11:58:45;62.910;8
11:58:45;62.910;25
11:58:45;62.910;43
11:58:43;62.910;10
11:58:41;62.910;338
11:58:41;62.910;1
11:58:41;62.910;34
11:58:41;62.910;8
11:58:41;62.910;201
11:58:41;62.910;86
11:58:41;62.910;78
11:58:41;62.910;201
11:58:41;62.910;78
11:58:41;62.910;9
11:58:41;62.910;103
11:58:41;62.910;119
11:58:41;62.910;64
11:58:41;62.920;78
11:58:41;62.930;8
11:58:41;62.930;8
11:58:41;62.930;78
11:58:41;62.930;57
11:58:41;62.930;103
11:58:41;62.940;7
11:58:41;62.940;123
11:58:41;62.940;201
11:58:41;62.940;70
11:58:41;62.940;125
11:58:41;62.940;103
11:58:41;62.940;61
11:58:41;62.940;373
11:58:41;62.940;185
11:58:41;62.950;8
11:58:41;62.950;68
11:58:41;62.950;123
11:58:41;62.950;103
11:58:41;62.950;62
11:58:41;62.950;77
11:58:41;62.950;373
11:58:41;62.950;125
11:58:41;62.950;185
11:58:38;62.950;168
11:58:37;62.950;61
11:58:37;62.950;7
11:58:37;62.950;103
11:58:37;62.950;373
11:58:37;62.950;294
11:58:28;62.960;70
11:58:28;62.960;71
11:58:25;62.980;158
11:58:18;62.960;110
11:58:14;62.960;59
11:58:14;62.960;373
11:58:14;62.960;127
11:58:13;62.960;35
11:58:11;62.950;40
11:58:09;62.940;5
11:58:08;62.960;373
11:58:08;62.960;64
11:58:08;62.960;57
11:58:08;62.960;6
11:58:08;62.960;124
11:58:08;62.960;125
11:58:08;62.960;311
11:58:08;62.960;34
11:58:04;62.950;65
11:58:04;62.950;125
11:58:04;62.950;129
11:58:04;62.950;60
11:58:04;62.950;218
11:58:04;62.950;155
11:58:04;62.950;7
11:58:04;62.950;63
11:58:04;62.960;6
11:58:04;62.960;124
11:58:04;62.960;103
11:58:04;62.960;43
11:58:04;62.960;8
11:58:04;62.960;373
11:58:04;62.960;142
11:58:04;62.960;50
11:57:49;62.950;373
11:57:49;62.950;373
11:57:49;62.950;122
11:57:47;62.940;18
11:57:47;62.940;35
11:57:47;62.940;90
11:57:47;62.940;82
11:57:46;62.930;136
11:57:46;62.930;150
11:57:46;62.930;27
11:57:37;62.940;476
11:57:33;62.920;44
11:57:33;62.920;6
11:57:33;62.910;44
11:57:33;62.910;130
11:57:33;62.910;69
11:57:28;62.920;214
11:57:21;62.930;191
11:57:18;62.930;10
11:56:59;62.960;200
11:56:51;62.970;125
11:56:51;62.970;124
11:56:51;62.970;186
11:56:51;62.970;186
11:56:51;62.970;8
11:56:51;62.970;5
11:56:51;62.970;67
11:56:51;62.970;373
11:56:51;62.970;103
11:56:51;62.970;130
11:56:51;62.970;125
11:56:51;62.960;123
11:56:51;62.960;174
11:56:51;62.960;66
11:56:45;62.970;373
11:56:45;62.970;92
11:56:45;62.970;11
11:56:45;62.970;65
11:56:45;62.970;60
11:56:45;62.960;73
11:56:45;62.960;84
11:56:38;62.960;226
11:56:38;62.960;46
11:56:38;62.960;7
11:56:38;62.960;167
11:56:38;62.960;206
11:56:38;62.960;173
11:56:38;62.960;185
11:56:38;62.960;159
11:56:38;62.960;67
11:56:38;62.960;103
11:56:38;62.960;130
11:56:38;62.960;79
11:56:38;62.970;77
11:56:30;62.960;179
11:56:30;62.960;57
11:55:59;62.940;86
11:55:59;62.940;159
11:55:59;62.940;215
11:55:59;62.940;122
11:55:28;62.960;373
11:55:21;62.930;69
11:55:21;62.930;44
11:55:16;62.910;90
11:55:12;62.930;252
11:55:12;62.930;121
11:55:12;62.930;135
11:55:08;62.940;5
11:55:08;62.940;103
11:55:08;62.940;57
11:55:08;62.940;100
11:55:08;62.950;122
11:55:03;62.960;8
11:55:03;62.960;373
11:55:03;62.960;47
11:55:03;62.960;103
11:54:55;62.940;76
11:54:50;62.930;122
11:54:50;62.930;102
11:54:50;62.930;122
11:54:50;62.930;75
11:54:50;62.930;17
11:54:50;62.930;86
11:54:27;62.910;122
11:54:27;62.910;8
11:54:27;62.910;133
11:54:27;62.910;91
11:54:27;62.910;11
11:54:27;62.910;203
11:54:21;62.920;300
11:54:12;62.920;163
11:53:44;62.910;8
11:53:44;62.910;49
11:53:10;62.930;161
11:53:07;62.930;117
11:53:03;62.950;135
11:52:40;62.960;85
11:52:29;62.950;90
11:52:25;62.940;81
11:52:25;62.940;6
11:52:24;62.940;8
11:52:18;62.940;3
11:52:17;62.940;223
11:52:17;62.940;8
11:52:17;62.940;100
11:51:46;62.940;65
11:51:38;62.930;40
11:51:38;62.930;86
11:51:38;62.930;103
11:51:24;62.920;78
11:51:24;62.920;373
11:51:08;62.920;257
11:51:08;62.920;99
11:51:08;62.920;58
11:51:08;62.920;103
11:51:08;62.920;100
11:51:03;62.940;131
11:51:03;62.940;57
11:51:03;62.940;67
11:51:03;62.940;373
11:51:03;62.940;129
11:51:00;62.950;70
11:51:00;62.950;122
11:51:00;62.950;224
11:50:57;62.960;61
11:50:57;62.960;373
11:50:53;62.960;122
11:50:53;62.960;7
11:50:53;62.960;80
11:50:53;62.960;8
11:50:53;62.960;80
11:50:44;62.970;230
11:50:44;62.970;7
11:50:37;62.970;67
11:50:31;62.960;19
11:50:25;62.950;69
11:50:25;62.950;304
11:50:25;62.950;293
11:50:25;62.950;304
11:50:14;62.960;42
11:50:14;62.960;50
11:50:14;62.960;103
11:50:09;62.940;91
11:50:09;62.940;116
11:50:09;62.940;116
11:50:05;62.950;134
11:50:05;62.950;121
11:50:05;62.950;6
11:50:00;62.920;122
11:49:39;62.920;122
11:49:30;62.910;193
11:49:20;62.920;127
11:49:17;62.930;142
11:49:17;62.930;7
11:49:17;62.930;2166
11:49:17;62.930;1729
11:49:17;62.930;732
11:49:17;62.930;381
11:49:17;62.930;749
11:49:17;62.930;12
11:49:17;62.930;103
11:48:42;62.920;122
11:48:42;62.920;7
11:48:42;62.920;110
11:48:42;62.920;121
11:48:42;62.920;103
11:48:28;62.910;90
11:48:28;62.910;8
11:48:19;62.910;8
11:48:19;62.910;159
11:48:19;62.910;82
11:48:19;62.910;88
11:48:14;62.920;7
11:48:14;62.920;5
11:48:14;62.920;125
11:48:14;62.920;159
11:48:14;62.920;75
11:48:14;62.920;124
11:48:14;62.920;298
11:48:14;62.920;185
11:48:14;62.930;8
11:48:14;62.930;6
11:48:14;62.930;246
11:48:14;62.930;9
11:48:14;62.930;159
11:48:14;62.930;298
11:48:14;62.930;110
11:48:14;62.930;123
11:48:14;62.930;87
11:48:14;62.930;185
11:47:53;62.920;54
11:47:38;62.930;117
11:47:30;62.940;111
11:47:30;62.940;92
11:47:19;62.950;79
11:47:16;62.940;121
11:47:16;62.940;50
11:47:16;62.940;78
11:47:16;62.940;82
11:47:16;62.940;60
11:47:16;62.940;103
11:47:06;62.940;40
11:46:49;62.940;298
11:46:49;62.940;69
11:46:49;62.940;60
11:46:26;62.950;130
11:46:24;62.950;76
11:46:24;62.950;82
11:46:24;62.950;18
11:46:24;62.950;8
11:46:24;62.950;121
11:46:24;62.950;298
11:45:58;62.950;8
11:45:58;62.950;8
11:45:58;62.950;125
11:45:58;62.950;298
11:45:57;62.950;17
11:45:41;62.950;55
11:45:22;62.950;100
11:45:21;62.960;93
11:45:19;62.950;66
11:45:19;62.950;104
11:45:19;62.950;124
11:45:17;62.950;128
11:45:16;62.950;119
11:45:15;62.950;110
11:45:15;62.950;121
11:45:13;62.950;126
11:45:12;62.950;8
11:45:12;62.950;113
11:45:12;62.970;103
11:45:12;62.980;19
11:45:12;62.980;16
11:45:12;62.980;94
11:45:12;62.980;94
11:45:12;62.980;94
11:45:12;62.980;204
11:45:12;62.980;94
11:45:12;62.980;94
11:45:12;62.980;94
11:45:12;62.980;204
11:45:12;62.980;94
11:45:12;62.980;29
11:45:12;62.980;94
11:45:12;62.980;94
11:45:12;62.980;94
11:45:12;62.980;94
11:45:11;62.980;94
11:45:11;62.980;94
11:45:11;62.980;94
11:45:11;62.980;94
11:45:11;62.980;94
11:45:11;62.980;94
11:45:10;62.980;94
11:45:10;62.980;59
11:45:10;62.980;94
11:45:10;62.980;94
11:45:09;62.980;66
11:45:09;62.980;94
11:45:09;62.980;94
11:45:08;62.980;94
11:45:08;62.980;94
11:45:07;62.980;94
11:45:07;62.980;128
11:45:07;62.980;139
11:45:07;62.980;62
11:45:07;62.980;298
11:45:07;62.980;94
11:45:03;62.990;67
11:45:03;62.990;298
11:45:03;62.990;68
11:45:00;62.980;535
11:45:00;62.980;94
11:45:00;62.980;445
11:45:00;62.980;82
11:45:00;62.980;8
11:45:00;62.980;94
11:44:57;62.990;123
11:44:57;62.990;296
11:44:57;62.990;2
11:44:50;62.980;8
11:44:50;62.980;103
11:44:50;62.980;151
11:44:50;62.980;59
11:44:50;62.980;59
11:44:50;62.980;298
11:44:50;62.980;94
11:44:49;62.980;8
11:44:49;62.980;94
11:44:49;62.980;126
11:44:49;62.980;103
11:44:49;62.980;64
11:44:49;62.980;153
11:44:49;62.980;298
11:44:49;62.980;65
11:44:49;62.980;94
11:44:48;62.990;110
11:44:48;62.990;8
11:44:48;62.990;58
11:44:48;62.990;298
11:44:48;62.990;120
11:44:48;63.000;33
11:44:48;63.000;103
11:44:48;63.000;125
11:44:45;62.990;57
11:44:45;62.990;46
11:44:45;62.990;59
11:44:45;62.980;144
11:44:45;62.980;139
11:44:45;62.980;121
11:44:45;62.980;160
11:44:45;62.980;103
11:44:45;62.980;298
11:44:45;62.980;63
11:44:45;62.980;94
11:44:45;62.990;8
11:44:45;62.990;159
11:44:45;62.990;103
11:44:45;62.990;404
11:44:45;62.990;108
11:44:45;62.990;69
11:44:45;62.990;298
11:44:45;62.990;129
11:44:44;63.000;103
11:44:44;63.000;62
11:44:44;63.000;8
11:44:44;63.000;90
11:44:44;63.000;130
11:44:44;63.010;130
11:44:44;63.010;125
11:44:41;62.990;6
11:44:39;63.000;124
11:44:39;63.000;125
11:44:37;63.000;298
11:44:37;63.000;83
11:44:37;63.000;113
11:44:37;63.000;100
11:44:37;63.000;58
11:44:37;63.000;113
11:44:37;63.000;103
11:44:37;63.000;8
11:44:37;63.000;130
11:44:37;63.000;120
11:44:37;63.000;298
11:44:34;63.010;85
11:44:34;63.010;137
11:44:29;62.980;94
11:44:29;62.980;94
11:44:29;62.980;61
11:44:29;62.980;94
11:44:29;62.980;94
11:44:29;62.980;304
11:44:29;62.980;94
11:44:29;62.980;61
11:44:29;62.980;94
11:44:29;62.980;204
11:44:29;62.980;94
11:44:29;62.980;8
11:44:29;62.980;103
11:44:29;62.980;65
11:44:29;62.980;62
11:44:29;62.980;94
11:44:27;62.980;156
11:44:27;62.980;58
11:44:27;62.980;36
11:44:27;62.980;58
11:44:27;62.980;94
11:44:27;62.980;94
11:44:27;62.980;94
11:44:27;62.980;204
11:44:27;62.980;94
11:44:27;62.980;120
11:44:27;62.980;94
11:44:27;62.980;31
11:44:27;62.980;94
11:44:27;62.980;159
11:44:27;62.980;52
11:44:27;62.980;46
11:44:27;62.980;103
11:44:27;62.980;94
11:44:27;62.990;15
11:44:27;62.990;32
11:44:27;62.990;60
11:44:27;62.990;103
11:44:27;63.000;103
11:44:27;63.000;257
11:44:27;63.000;63
11:44:25;63.010;55
11:44:25;63.010;67
11:44:25;63.010;20
11:44:23;63.010;145
11:44:23;63.010;298
11:44:23;63.000;6
11:44:23;63.000;125
11:44:23;63.000;103
11:44:23;63.000;100
11:44:23;63.000;91
11:44:23;63.000;298
11:44:23;63.000;71
11:44:23;63.010;214
11:44:23;63.010;191
11:44:23;63.010;65
11:44:23;63.010;59
11:44:23;63.010;103
11:44:23;63.010;298
11:44:23;63.010;167
11:44:23;63.000;65
11:44:23;63.000;103
11:44:23;63.000;63
11:44:23;63.000;221
11:44:23;63.000;77
11:44:23;63.000;65
11:44:23;63.000;63
11:44:23;63.000;103
11:44:23;63.000;125
11:44:22;63.010;69
11:44:22;63.010;125
11:44:22;63.020;69
11:44:22;63.020;1
11:44:22;63.020;67
11:44:22;63.020;103
11:44:22;63.020;31
11:44:22;63.020;140
11:44:22;63.020;158
11:44:22;63.020;127
11:44:22;63.010;238
11:44:22;63.010;127
11:44:22;63.000;103
11:44:22;63.000;1
11:44:22;63.000;159
11:44:22;63.000;6
11:44:22;63.000;39
11:44:22;63.000;5
11:44:22;63.000;200
11:44:22;63.000;17
11:44:22;63.000;200
11:44:22;63.000;20
11:44:22;63.000;80
11:44:22;63.000;700
11:44:22;63.000;140
11:44:22;63.000;2
11:44:22;63.000;1600
11:44:22;63.000;200
11:44:22;63.000;890
11:44:22;63.000;1
11:44:22;63.000;100
11:44:22;63.000;1000
11:44:22;63.000;15
11:44:22;63.000;77
11:44:22;63.000;5
11:44:22;63.000;750
11:44:22;63.000;17
11:44:22;63.000;127
11:44:22;63.000;200
11:44:22;63.000;10
11:44:22;63.000;121
11:44:22;63.000;20
11:44:22;63.000;100
11:44:22;63.000;800
11:44:22;63.000;400
11:44:22;63.000;200
11:44:22;63.000;100
11:44:22;63.000;200
11:44:22;63.000;7
11:44:22;63.000;300
11:44:22;63.000;15
11:44:22;63.000;800
11:44:22;63.000;190
11:44:22;63.000;10
11:44:22;63.000;4
11:44:22;63.000;28
11:44:22;63.000;40
11:44:22;63.000;262
11:44:22;63.000;13
11:44:22;63.000;1
11:44:22;63.000;300
11:44:22;63.000;90
11:44:22;63.000;100
11:44:22;63.000;35
11:44:22;63.000;30
11:44:22;63.000;280
11:44:22;63.000;700
11:44:22;63.000;10
11:44:22;63.000;1000
11:44:22;63.000;80
11:44:22;63.000;1000
11:44:22;63.000;400
11:44:22;63.000;60
11:44:22;63.000;25
11:44:22;63.000;10
11:44:22;63.000;30
11:44:22;63.000;456
11:44:22;63.000;300
11:44:22;63.000;63
11:44:22;63.000;2
11:44:22;63.000;50
11:44:22;63.000;10
11:44:22;63.000;10
11:44:22;63.000;48
11:44:22;63.000;16
11:44:22;63.000;8
11:44:22;63.000;10
11:44:22;63.000;13
11:44:22;62.990;348
11:44:22;62.990;398
11:44:22;62.990;191
11:44:22;62.990;8
11:44:22;62.990;103
11:44:22;62.990;57
11:44:22;62.990;329
11:44:22;62.990;122
11:44:22;62.990;168
11:44:22;62.990;298
11:44:22;62.990;103
11:44:22;62.990;8
11:44:22;62.990;240
11:44:22;62.980;25
11:44:21;62.980;44
11:44:21;62.980;171
11:44:21;62.980;125
11:44:21;62.980;94
11:44:21;62.980;103
11:44:21;62.980;57
11:44:21;62.980;294
11:44:21;62.990;63
11:44:21;62.990;235
11:44:21;62.990;125
11:44:21;62.990;232
11:44:21;62.990;125
11:44:21;62.990;275
11:44:21;62.990;125
11:44:21;62.990;223
11:44:21;62.990;75
11:44:21;62.990;171
11:44:21;62.990;339
11:44:21;62.990;281
11:44:21;62.990;35
11:44:21;62.990;90
11:44:21;62.990;186
11:44:21;62.990;112
11:44:21;62.990;125
11:44:21;62.990;352
11:44:21;62.990;103
11:44:21;62.990;49
11:44:21;62.990;159
11:44:21;62.990;84
11:44:21;62.980;4
11:44:21;62.980;125
11:44:21;62.980;27
11:44:21;62.980;67
11:44:21;62.980;66
11:44:21;62.980;173
11:44:21;62.980;94
11:44:21;62.980;125
11:44:21;62.980;103
11:44:21;62.980;187
11:44:21;62.990;8
11:44:21;62.990;103
11:44:21;62.990;407
11:44:21;62.990;300
11:44:21;62.990;150
11:44:21;62.990;50
11:44:21;62.990;119
11:44:21;62.990;79
11:44:21;62.990;25
11:44:21;62.980;111
11:44:21;62.980;34
11:44:21;62.980;60
11:44:21;62.980;44
11:44:21;62.980;11
11:44:21;62.980;103
11:44:21;62.980;125
11:44:21;62.980;298
11:44:21;62.980;68
11:44:21;62.980;26
11:44:21;62.980;26
11:44:21;62.980;94
11:44:21;62.980;69
11:44:21;62.980;94
11:44:21;62.980;4
11:44:20;62.980;90
11:44:20;62.980;94
11:44:20;62.980;8
11:44:20;62.980;5
11:44:20;62.980;190
11:44:20;62.980;571
11:44:20;62.980;130
11:44:20;62.980;164
11:44:20;62.980;103
11:44:20;62.980;100
11:44:20;62.980;100
11:44:20;62.980;350
11:44:20;62.980;5905
11:44:17;62.980;595
11:44:17;62.980;18
11:44:17;62.970;298
11:44:17;62.970;90
11:44:17;62.970;81
11:44:17;62.970;103
11:44:17;62.970;456
11:44:17;62.970;21
11:44:17;62.970;51
11:44:16;62.970;167
11:44:16;62.970;120
11:44:16;62.970;97
11:44:16;62.970;90
11:44:16;62.970;298
11:44:12;62.970;298
11:44:11;62.970;229
11:44:11;62.970;60
11:44:11;62.970;580
11:44:11;62.970;176
11:44:11;62.970;298
11:44:11;62.970;345
11:44:10;62.970;58
11:44:10;62.970;45
11:44:10;62.970;14
11:44:00;62.970;22
11:43:59;62.970;37
11:43:59;62.970;30
11:43:55;62.970;119
11:43:48;62.970;46
11:43:36;62.970;57
11:43:36;62.970;176
11:43:34;62.970;20
11:43:23;62.960;238
11:43:23;62.960;238
11:43:23;62.960;374
11:43:23;62.960;65
11:43:23;62.960;33
11:43:23;62.960;57
11:43:23;62.960;60
11:43:23;62.960;20
11:43:16;62.970;19
11:43:16;62.970;238
11:43:08;62.960;23
11:43:06;62.970;201
11:43:06;62.970;148
11:43:06;62.970;138
11:43:06;62.970;94
11:43:06;62.970;106
11:43:06;62.970;90
11:43:06;62.970;77
11:43:06;62.970;42
11:42:59;62.970;199
11:42:59;62.970;84
11:42:59;62.970;22
11:42:59;62.970;7
11:42:59;62.970;317
11:42:58;62.970;68
11:42:58;62.970;238
11:42:57;62.970;329
11:42:57;62.970;238
11:42:57;62.970;308
11:42:57;62.970;129
11:42:57;62.970;120
11:42:57;62.970;23
11:42:57;62.970;97
11:42:57;62.970;15
11:42:56;62.960;250
11:42:53;62.960;238
11:42:52;62.960;103
11:42:52;62.960;125
11:42:52;62.960;238
11:42:52;62.960;20
11:42:51;62.960;101
11:42:51;62.960;238
11:42:51;62.960;125
11:42:51;62.960;103
11:42:51;62.960;125
11:42:50;62.960;234
11:42:50;62.960;140
11:42:50;62.960;125
11:42:50;62.960;238
11:42:50;62.960;71
11:42:50;62.960;103
11:42:50;62.950;112
11:42:50;62.950;2500
11:42:50;62.950;200
11:42:50;62.950;5
11:42:50;62.950;688
11:42:50;62.950;1715
11:42:50;62.950;600
11:42:50;62.950;497
11:42:50;62.950;103
11:42:45;62.940;16
11:42:45;62.940;248
11:42:36;62.940;8
11:42:36;62.940;58
11:42:33;62.940;19
11:42:32;62.940;30
11:42:32;62.940;125
11:42:32;62.940;103
11:42:32;62.940;238
11:42:32;62.930;125
11:42:32;62.930;60
11:42:32;62.930;61
11:42:32;62.930;103
11:42:32;62.930;238
11:42:31;62.930;381
11:42:31;62.920;60
11:42:31;62.920;103
11:42:30;62.920;132
11:42:30;62.910;124
11:42:30;62.910;62
11:42:30;62.910;69
11:42:30;62.910;103
11:42:30;62.910;238
11:42:30;62.910;125
11:42:30;62.910;99
11:42:30;62.910;184
11:42:30;62.920;6
11:42:30;62.920;49
11:42:30;62.920;103
11:42:30;62.920;100
11:42:30;62.920;125
11:42:30;62.920;238
11:42:30;62.920;85
11:42:30;62.920;99
11:42:30;62.930;64
11:42:30;62.930;128
11:42:30;62.930;259
11:42:30;62.930;62
11:42:30;62.930;96
11:42:30;62.930;238
11:42:30;62.930;184
11:42:30;62.940;428
11:42:30;62.940;71
11:42:30;62.940;130
11:42:30;62.940;100
11:42:27;62.930;121
11:42:27;62.930;238
11:42:27;62.930;431
11:42:25;62.930;91
11:42:25;62.930;238
11:42:25;62.920;830
11:42:25;62.920;158
11:42:25;62.920;246
11:42:25;62.920;103
11:42:25;62.920;125
11:42:25;62.920;238
11:42:24;62.910;66
11:42:24;62.910;128
11:42:24;62.910;125
11:42:24;62.910;103
11:42:24;62.910;238
11:42:24;62.910;49
11:42:24;62.910;100
11:42:24;62.910;184
11:42:24;62.920;99
11:42:24;62.920;56
11:42:24;62.920;122
11:42:24;62.920;67
11:42:24;62.920;238
11:42:24;62.920;184
11:42:22;62.920;171
11:42:22;62.920;720
11:42:21;62.910;233
11:42:21;62.910;5
11:42:21;62.910;407
11:42:21;62.910;114
11:42:21;62.910;238
11:42:21;62.910;159
11:42:21;62.910;155
11:42:21;62.910;96
11:42:21;62.910;52
11:42:21;62.910;103
11:42:21;62.910;66
11:42:21;62.910;120
11:42:21;62.910;121
11:42:21;62.910;238
11:42:21;62.910;25
11:42:21;62.910;180
11:42:21;62.920;195
11:42:21;62.920;7
11:42:21;62.920;8
11:42:21;62.920;125
11:42:21;62.920;103
11:42:21;62.920;97
11:42:21;62.920;126
11:42:21;62.920;448
11:42:13;62.930;48
11:41:34;62.930;6
11:41:34;62.930;173
11:41:28;62.910;50
11:41:25;62.930;202
11:41:24;62.910;15
11:41:17;62.920;389
11:41:17;62.920;61
11:41:17;62.920;122
11:41:17;62.920;101
11:41:17;62.920;103
11:41:17;62.920;300
11:41:17;62.920;125
11:41:17;62.920;499
11:41:17;62.920;1
11:41:16;62.910;57
11:41:02;62.890;50
11:41:02;62.890;1
11:40:57;62.910;67
11:40:56;62.910;120
11:40:56;62.910;15
11:40:42;62.910;65
11:40:39;62.910;228
11:40:39;62.910;90
11:40:39;62.910;456
11:40:39;62.910;64
11:40:39;62.910;152
11:40:26;62.920;50
11:40:21;62.920;32
11:40:05;62.930;1
11:40:05;62.930;8
11:40:04;62.930;19
11:40:04;62.930;22
11:40:04;62.930;111
11:40:04;62.930;68
11:40:04;62.930;42
11:40:04;62.930;34
11:40:04;62.930;103
11:40:04;62.930;101
11:40:04;62.930;122
11:40:04;62.930;188
11:40:04;62.930;238
11:40:04;62.940;344
11:40:04;62.940;209
11:40:04;62.940;106
11:40:04;62.940;77
11:40:04;62.940;8
11:40:00;62.920;31
11:40:00;62.920;55
11:40:00;62.920;46
11:39:59;62.910;8
11:39:59;62.910;143
11:39:59;62.910;103
11:39:59;62.910;324
11:39:59;62.910;1773
11:39:59;62.910;105
11:39:59;62.910;1439
11:39:51;62.900;98
11:39:49;62.900;27
11:39:49;62.900;69
11:39:49;62.900;7
11:39:44;62.890;90
11:39:44;62.890;58
11:39:40;62.900;238
11:39:40;62.900;57
11:39:40;62.900;64
11:39:40;62.900;8
11:39:39;62.910;151
11:39:37;62.900;160
11:39:37;62.900;8
11:39:37;62.900;32
11:39:37;62.900;75
11:39:35;62.910;3
11:39:21;62.910;8
11:39:21;62.910;238
11:39:18;62.910;57
11:39:18;62.910;145
11:39:13;62.900;85
11:39:13;62.900;103
11:39:11;62.900;117
11:39:11;62.900;5
11:39:11;62.900;328
11:39:11;62.890;172
11:39:11;62.900;147
11:39:11;62.900;197
11:39:11;62.900;103
11:39:11;62.900;8
11:39:11;62.900;57
11:39:11;62.900;308
11:39:09;62.900;147
11:39:09;62.900;62
11:39:09;62.900;8
11:39:09;62.900;153
11:39:09;62.900;103
11:39:09;62.900;13
11:39:09;62.900;283
11:39:09;62.900;162
11:39:02;62.910;122
11:38:50;62.910;63
11:38:50;62.910;107
11:38:38;62.920;53
11:38:38;62.920;122
11:38:34;62.920;100
11:38:13;62.920;341
11:38:13;62.920;64
11:38:13;62.920;8
11:37:46;62.910;65
11:37:46;62.910;8
11:37:41;62.910;158
11:37:41;62.910;2
11:37:41;62.920;8
11:37:40;62.920;8
11:37:28;62.900;81
11:37:22;62.890;130
11:37:22;62.890;8
11:37:09;62.890;46
11:37:09;62.890;53
11:37:05;62.890;119
11:37:05;62.890;286
11:37:05;62.890;67
11:36:57;62.890;4
11:36:50;62.890;238
11:36:42;62.880;238
11:36:42;62.880;8
11:36:42;62.880;151
11:36:42;62.880;1
11:36:37;62.880;160
11:36:37;62.880;75
11:36:37;62.880;125
11:36:25;62.880;64
11:36:25;62.880;122
11:36:25;62.880;238
11:36:25;62.880;63
11:36:25;62.890;7
11:36:25;62.890;899
11:36:25;62.890;1749
11:36:25;62.890;600
11:36:25;62.890;8
11:36:25;62.890;61
11:36:25;62.890;125
11:36:25;62.890;125
11:36:25;62.890;238
11:36:25;62.890;103
11:36:25;62.890;56
11:36:25;62.890;159
11:36:18;62.880;215
11:36:18;62.880;135
11:36:15;62.870;60
11:36:15;62.870;120
11:36:14;62.870;160
11:36:14;62.870;103
11:36:14;62.870;61
11:36:08;62.880;50
11:36:07;62.870;129
11:36:00;62.880;238
11:35:55;62.870;238
11:35:54;62.880;238
11:35:53;62.880;157
11:35:52;62.880;234
11:35:49;62.870;64
11:35:49;62.870;124
11:35:49;62.870;103
11:35:49;62.870;125
11:35:49;62.870;238
11:35:49;62.880;8
11:35:49;62.880;103
11:35:49;62.880;122
11:35:49;62.880;238
11:35:49;62.880;67
11:35:48;62.870;176
11:35:48;62.870;62
11:35:48;62.870;160
11:35:48;62.870;53
11:35:48;62.870;125
11:35:48;62.880;125
11:35:42;62.880;127
11:35:42;62.870;8
11:35:42;62.870;127
11:35:42;62.870;120
11:35:42;62.860;125
11:35:42;62.860;76
11:35:42;62.860;52
11:35:42;62.860;103
11:35:42;62.870;1
11:35:38;62.870;103
11:35:38;62.870;125
11:35:38;62.870;238
11:35:38;62.870;134
11:35:38;62.870;8
11:35:38;62.870;90
11:35:37;62.860;64
11:35:37;62.860;125
11:35:37;62.860;450
11:35:37;62.860;103
11:35:37;62.860;110
11:35:37;62.860;122
11:35:37;62.860;238
11:35:37;62.860;89
11:35:37;62.850;119
11:35:37;62.850;8
11:35:37;62.850;30
11:35:37;62.850;103
11:35:34;62.850;236
11:35:34;62.850;2253
11:35:34;62.850;214
11:35:34;62.850;97
11:35:34;62.850;174
11:35:34;62.850;65
11:35:34;62.850;121
11:35:34;62.850;103
11:35:34;62.850;238
11:35:34;62.840;58
11:35:34;62.840;174
11:35:34;62.840;128
11:35:34;62.840;238
11:35:34;62.840;103
11:35:34;62.840;125
11:35:34;62.830;52
11:35:34;62.830;123
11:35:34;62.830;238
11:35:29;62.810;266
11:35:25;62.800;17
11:35:25;62.800;64
11:35:25;62.800;75
11:35:25;62.800;11
11:35:02;62.800;7
11:35:02;62.800;15
11:35:02;62.800;33
11:35:02;62.800;1
11:35:02;62.800;86
11:35:02;62.800;63
11:35:02;62.800;125
11:35:01;62.800;182
11:35:01;62.800;9
11:35:01;62.800;49
11:35:01;62.800;426
11:35:01;62.800;332
11:35:01;62.800;103
11:35:01;62.790;15
11:35:01;62.790;111
11:35:01;62.790;127
11:35:01;62.790;127
11:35:01;62.790;53
11:35:01;62.790;89
11:35:01;62.790;103
11:34:30;62.800;5
11:34:24;62.800;90
11:34:24;62.800;160
11:34:24;62.820;220
11:34:23;62.830;50
11:34:21;62.830;101
11:34:20;62.820;100
11:34:17;62.820;25
11:34:17;62.820;63
11:34:17;62.820;160
11:34:17;62.820;56
11:34:17;62.820;238
11:34:17;62.820;103
11:34:17;62.830;146
11:34:17;62.830;63
11:34:17;62.830;160
11:34:17;62.830;174
11:34:17;62.830;122
11:34:06;62.840;125
11:33:44;62.840;85
11:33:44;62.840;125
11:33:44;62.840;100
11:33:44;62.840;169
11:33:43;62.850;13
11:33:43;62.850;196
11:33:43;62.850;125
11:33:43;62.860;189
11:33:43;62.860;55
11:33:39;62.870;74
11:33:39;62.880;61
11:33:39;62.880;19
11:33:39;62.880;328
11:33:39;62.880;103
11:33:39;62.880;238
11:33:38;62.880;7
11:33:38;62.880;90
11:33:38;62.880;269
11:33:38;62.880;6
11:33:38;62.880;1474
11:33:38;62.880;1680
11:33:38;62.880;159
11:33:38;62.880;178
11:33:38;62.880;56
11:33:38;62.880;128
11:33:38;62.880;138
11:33:38;62.880;138
11:33:38;62.880;238
11:33:38;62.880;172
11:33:38;62.890;200
11:33:38;62.890;236
11:33:38;62.890;1
11:33:38;62.890;1
11:33:38;62.900;100
11:33:29;62.890;364
11:33:23;62.880;330
11:33:23;62.880;52
11:33:23;62.880;70
11:33:20;62.880;33
11:33:17;62.870;30
11:33:17;62.870;112
11:33:17;62.870;103
11:33:17;62.870;10
11:33:17;62.870;174
11:33:00;62.860;137
11:33:00;62.860;205
11:33:00;62.860;238
11:32:48;62.870;184
11:32:38;62.870;62
11:32:37;62.880;55
11:32:37;62.880;327
11:32:37;62.880;160
11:32:37;62.890;122
11:32:37;62.880;15
11:32:37;62.880;40
11:32:37;62.880;234
11:32:18;62.870;2
11:32:01;62.870;17
11:32:01;62.870;96
11:32:01;62.870;17
11:32:00;62.870;47
11:32:00;62.870;70
11:32:00;62.870;45
11:32:00;62.870;6
11:32:00;62.870;14
11:32:00;62.870;62
11:32:00;62.870;95
11:31:59;62.870;8
11:31:42;62.860;129
11:31:39;62.860;130
11:31:38;62.860;107
11:31:35;62.860;61
11:31:35;62.860;214
11:31:32;62.860;207
11:31:32;62.860;12
11:31:31;62.860;5
11:31:31;62.860;121
11:31:31;62.870;126
11:31:31;62.880;250
11:31:31;62.880;123
11:31:31;62.880;103
11:31:31;62.890;8
11:31:31;62.890;119
11:31:31;62.890;128
11:31:31;62.890;103
11:31:31;62.900;5
11:31:31;62.900;23
11:31:31;62.900;103
11:31:31;62.900;140
11:31:31;62.900;119
11:31:31;62.900;166
11:31:31;62.900;165
11:31:20;62.910;2
11:31:03;62.920;50
11:31:02;62.930;62
11:31:02;62.930;238
11:30:55;62.910;31
11:30:55;62.910;29
11:30:55;62.910;60
11:30:55;62.910;89
11:30:55;62.910;84
11:30:55;62.930;63
11:30:55;62.930;8
11:30:49;62.940;27
11:30:49;62.940;130
11:30:49;62.940;238
11:30:49;62.940;165
11:30:49;62.930;76
11:30:28;62.930;165
11:30:28;62.930;122
11:30:28;62.930;238
11:30:28;62.930;62
11:30:28;62.940;857
11:30:28;62.940;123
11:30:28;62.940;8
11:30:28;62.940;238
11:30:21;62.930;5
11:30:10;62.930;8
11:30:10;62.940;12
11:30:08;62.940;124
11:30:08;62.940;73
11:30:08;62.940;30
11:30:08;62.930;347
11:30:08;62.940;209
11:30:08;62.930;122
11:30:08;62.930;225
11:30:07;62.930;13
11:30:07;62.930;60
11:30:07;62.930;151
11:30:07;62.930;317
11:30:07;62.930;216
11:30:07;62.930;103
11:30:06;62.940;8
11:30:06;62.940;201
11:29:58;62.950;117
11:29:58;62.950;35
11:29:58;62.950;82
11:29:58;62.940;6
11:29:58;62.940;103
11:29:58;62.940;10
11:29:58;62.940;67
11:29:58;62.950;8
11:29:58;62.950;38
11:29:58;62.950;103
11:29:58;62.950;1226
11:29:56;62.960;8
11:29:56;62.960;238
11:29:56;62.960;118
11:29:56;62.960;8
11:29:56;62.960;117
11:29:56;62.960;103
11:29:56;62.960;122
11:29:45;62.950;18
11:29:45;62.950;70
11:29:40;62.940;62
11:29:38;62.950;69
11:29:38;62.950;125
11:29:37;62.960;275
11:29:37;62.960;61
11:29:37;62.960;8
11:29:37;62.960;130
11:29:37;62.960;238
11:29:37;62.960;103
11:29:37;62.960;383
11:29:37;62.960;5
11:29:37;62.960;16
11:29:37;62.950;123
11:29:37;62.950;238
11:29:37;62.940;5
11:29:37;62.940;62
11:29:37;62.940;103
11:29:37;62.940;150
11:29:37;62.950;305
11:29:37;62.950;38
11:29:36;62.950;77
11:29:33;62.950;141
11:29:28;62.960;1
11:29:11;62.940;10
11:29:11;62.940;71
11:29:11;62.950;238
11:29:11;62.950;120
11:29:04;62.950;126
11:29:02;62.940;190
11:29:00;62.950;238
11:28:56;62.950;86
11:28:50;62.950;152
11:28:50;62.950;86
11:28:50;62.950;86
11:28:40;62.950;66
11:28:40;62.950;39
11:28:29;62.950;8
11:28:29;62.950;146
11:28:29;62.950;14
11:28:29;62.950;74
11:28:29;62.950;316
11:28:29;62.950;50
11:28:29;62.950;60
11:28:29;62.950;100
11:28:25;62.920;146
11:28:25;62.910;92
11:28:25;62.910;159
11:28:25;62.910;120
11:28:25;62.910;103
11:28:25;62.910;58
11:28:25;62.920;173
11:28:25;62.920;193
11:28:23;62.930;375
11:28:23;62.930;125
11:28:21;62.930;267
11:28:19;62.940;14
11:28:19;62.940;16
11:28:17;62.940;53
11:28:17;62.940;49
11:28:17;62.940;53
11:28:17;62.940;15
11:27:57;62.930;33
11:27:57;62.930;64
11:27:53;62.930;270
11:27:53;62.930;230
11:27:50;62.930;90
11:27:50;62.930;64
11:27:50;62.930;8
11:27:50;62.930;86
11:27:50;62.930;20
11:27:50;62.930;83
11:27:50;62.930;63
11:27:50;62.930;86
11:27:50;62.930;85
11:27:50;62.930;440
11:27:32;62.920;20
11:27:32;62.920;8
11:27:32;62.920;32
11:27:28;62.920;50
11:27:25;62.920;64
11:27:24;62.920;5
11:27:24;62.920;8
11:27:24;62.920;130
11:27:24;62.920;125
11:27:24;62.920;38
11:27:24;62.920;20
11:27:24;62.920;50
11:27:22;62.900;200
11:27:17;62.910;86
11:27:01;62.910;7
11:26:50;62.910;86
11:26:47;62.910;60
11:26:47;62.910;51
11:26:47;62.910;35
11:26:47;62.900;86
11:26:47;62.880;42
11:26:47;62.880;125
11:26:47;62.900;5
11:26:47;62.900;254
11:26:47;62.900;1635
11:26:47;62.900;1120
11:26:47;62.900;263
11:26:47;62.900;214
11:26:47;62.900;42
11:26:47;62.905;186
11:26:47;62.900;97
11:26:47;62.900;43
11:26:47;62.900;69
11:26:47;62.900;50
11:26:47;62.900;130
11:26:47;62.900;64
11:26:47;62.890;43
11:26:47;62.890;5
11:26:47;62.890;103
11:26:47;62.890;214
11:26:47;62.890;125
11:26:47;62.890;65
11:26:47;62.890;121
11:26:47;62.890;56
11:26:47;62.880;8
11:26:47;62.880;127
11:26:47;62.880;100
11:26:47;62.880;52
11:26:25;62.870;58
11:26:25;62.870;26
11:26:22;62.870;17
11:26:22;62.870;104
11:26:22;62.860;73
11:26:16;62.860;222
11:26:13;62.880;20
11:26:13;62.880;4
11:26:13;62.880;118
11:26:13;62.880;63
11:26:13;62.880;57
11:26:13;62.880;158
11:26:13;62.880;103
11:26:13;62.880;125
11:25:56;62.900;33
11:25:55;62.900;19
11:25:24;62.895;352
11:25:24;62.900;178
11:25:24;62.900;103
11:25:24;62.900;65
11:25:24;62.900;125
11:25:24;62.890;159
11:25:24;62.890;103
11:25:24;62.890;66
11:25:24;62.890;128
11:25:24;62.890;125
11:25:24;62.900;8
11:25:24;62.900;232
11:25:24;62.900;407
11:25:24;62.900;62
11:25:24;62.900;82
11:25:24;62.900;58
11:25:24;62.900;103
11:25:22;62.910;125
11:25:14;62.910;1000
11:25:14;62.910;875
11:25:14;62.910;125
11:25:14;62.910;626
11:25:14;62.910;177
11:25:12;62.910;77
11:25:12;62.910;120
11:25:12;62.910;584
11:25:12;62.910;416
11:25:12;62.910;401
11:25:12;62.910;599
11:25:12;62.910;1
11:25:12;62.910;15
11:25:11;62.900;367
11:25:11;62.900;95
11:25:11;62.900;766
11:25:11;62.900;79
11:25:11;62.900;135
11:25:11;62.900;590
11:25:11;62.900;41
11:25:11;62.900;95
11:25:11;62.900;125
11:25:11;62.900;101
11:25:11;62.900;382
11:25:11;62.900;1
11:25:11;62.900;16
11:25:11;62.900;50
11:25:11;62.900;32
11:25:11;62.900;15
11:25:11;62.900;16
11:25:11;62.900;74
11:25:11;62.900;47
11:25:11;62.900;30
11:25:11;62.900;766
11:25:11;62.900;120
11:25:11;62.900;1
11:25:01;62.890;826
11:25:01;62.890;60
11:25:01;62.890;45
11:25:01;62.890;309
11:25:01;62.890;35
11:25:01;62.890;309
11:25:01;62.890;29
11:25:01;62.890;749
11:25:01;62.890;222
11:24:44;62.870;8
11:24:44;62.870;188
11:24:44;62.870;103
11:24:41;62.880;157
11:24:41;62.880;187
11:24:25;62.880;55
11:24:25;62.880;125
11:24:15;62.880;61
11:24:15;62.880;275
11:24:05;62.870;60
11:24:01;62.880;199
11:24:01;62.870;177
11:24:01;62.870;138
11:24:01;62.870;130
11:24:01;62.870;6
11:24:01;62.870;140
11:24:01;62.870;159
11:24:01;62.870;103
11:24:01;62.870;58
11:24:01;62.870;57
11:24:01;62.870;125
11:24:01;62.870;64
11:24:01;62.870;214
11:24:01;62.860;159
11:24:01;62.860;103
11:24:01;62.860;126
11:24:01;62.860;125
11:24:01;62.860;58
11:24:01;62.860;8
11:24:01;62.860;66
11:24:01;62.860;90
11:24:01;62.860;58
11:23:58;62.850;100
11:23:58;62.850;58
11:23:58;62.870;3712
11:23:58;62.870;97
11:23:58;62.870;172
11:23:58;62.870;5
11:23:58;62.870;160
11:23:58;62.870;554
11:23:58;62.870;103
11:23:58;62.870;125
11:23:58;62.870;57
11:23:58;62.870;125
11:23:58;62.870;342
11:23:58;62.860;554
11:23:58;62.860;8
11:23:58;62.860;159
11:23:58;62.860;124
11:23:58;62.860;103
11:23:58;62.860;172
11:23:58;62.860;61
11:23:58;62.860;100
11:23:58;62.860;57
11:23:58;62.860;125
11:23:58;62.850;5
11:23:58;62.850;172
11:23:58;62.850;103
11:23:58;62.850;129
11:23:58;62.850;60
11:23:58;62.850;125
11:23:58;62.850;90
11:23:58;62.850;58
11:23:55;62.840;1
11:23:53;62.850;73
11:23:42;62.860;10
11:23:35;62.850;160
11:23:29;62.860;5
11:23:29;62.860;50
11:23:11;62.850;68
11:23:11;62.850;124
11:23:11;62.830;103
11:23:11;62.830;139
11:23:11;62.830;58
11:23:06;62.840;195
11:23:06;62.840;479
11:23:06;62.840;321
11:22:43;62.860;49
11:22:43;62.860;174
11:22:43;62.860;105
11:22:41;62.860;14
11:22:41;62.860;62
11:22:40;62.860;25
11:22:40;62.860;7
11:22:28;62.860;50
11:22:03;62.850;339
11:22:03;62.850;51
11:21:54;62.830;50
11:21:50;62.830;135
11:21:48;62.840;86
11:21:48;62.840;56
11:21:48;62.840;103
11:21:48;62.840;133
11:21:48;62.840;62
11:21:48;62.840;59
11:21:45;62.850;133
11:21:35;62.850;52
11:21:35;62.850;7
11:21:35;62.850;11
11:21:35;62.850;123
11:21:35;62.850;113
11:21:35;62.860;133
11:21:35;62.860;86
11:21:25;62.865;130
11:21:25;62.865;130
11:21:13;62.840;57
11:21:13;62.840;31
11:21:13;62.840;58
11:21:13;62.840;45
11:21:10;62.830;130
11:21:10;62.840;6
11:21:10;62.840;125
11:20:58;62.850;41
11:20:58;62.850;369
11:20:58;62.850;41
11:20:55;62.840;127
11:20:39;62.850;125
11:20:39;62.860;100
11:20:37;62.865;125
11:20:13;62.880;120
11:20:13;62.880;130
11:20:13;62.870;5
11:20:13;62.870;63
11:20:13;62.870;66
11:20:13;62.870;317
11:20:11;62.870;161
11:20:11;62.870;157
11:20:11;62.870;25
11:20:11;62.870;178
11:20:11;62.870;103
11:20:11;62.870;160
11:20:11;62.870;87
11:20:11;62.870;68
11:20:11;62.880;255
11:20:05;62.890;786
11:20:05;62.890;214
11:20:05;62.890;622
11:20:04;62.890;8
11:20:04;62.890;13
11:20:04;62.890;214
11:20:04;62.890;151
11:19:58;62.870;61
11:19:58;62.870;52
11:19:58;62.870;86
11:19:58;62.870;125
11:19:58;62.880;86
11:19:58;62.880;57
11:19:58;62.880;8
11:19:58;62.880;7
11:19:58;62.880;103
11:19:58;62.880;52
11:19:58;62.880;46
11:19:58;62.880;125
11:19:58;62.880;86
11:19:58;62.890;174
11:19:58;62.890;103
11:19:58;62.890;56
11:19:58;62.890;8
11:19:58;62.890;194
11:19:58;62.890;689
11:19:58;62.890;174
11:19:58;62.890;137
11:19:58;62.890;125
11:19:56;62.880;6
11:19:56;62.880;432
11:19:56;62.880;103
11:19:56;62.880;69
11:19:56;62.880;127
11:19:56;62.880;100
11:19:56;62.880;103
11:19:56;62.880;1
11:19:56;62.880;100
11:19:56;62.880;50
11:19:56;62.880;50
11:19:43;62.870;62
11:19:43;62.870;90
11:19:43;62.870;7
11:19:43;62.870;172
11:19:43;62.870;158
11:19:43;62.870;8
11:19:43;62.870;122
11:19:43;62.870;56
11:19:43;62.870;125
11:19:42;62.860;125
11:19:42;62.860;90
11:19:42;62.865;185
11:19:42;62.860;88
11:19:42;62.860;7
11:19:21;62.860;86
11:19:20;62.860;86
11:19:20;62.860;86
11:19:20;62.860;125
11:19:20;62.860;2
11:19:20;62.860;119
11:19:20;62.860;86
11:19:20;62.870;119
11:19:20;62.870;86
11:19:02;62.850;3
11:19:02;62.850;122
11:19:02;62.850;42
11:18:53;62.840;56
11:18:53;62.840;128
11:18:53;62.840;110
11:18:48;62.840;50
11:18:47;62.830;1
11:18:47;62.830;44
11:18:47;62.840;45
11:18:47;62.840;131
11:18:32;62.830;238
11:18:32;62.810;362
11:18:32;62.810;85
11:18:14;62.790;140
11:18:14;62.790;30
11:18:07;62.800;170
11:18:07;62.800;177
11:18:07;62.800;26
11:18:07;62.800;52
11:17:56;62.820;3
11:17:37;62.810;123
11:17:09;62.820;42
11:17:09;62.820;2
11:17:04;62.820;17
11:17:04;62.820;36
11:17:01;62.810;26
11:17:01;62.810;46
11:17:01;62.810;123
11:17:01;62.810;305
11:16:48;62.830;128
11:16:46;62.840;118
11:16:46;62.840;61
11:16:46;62.840;42
11:16:46;62.840;118
11:16:43;62.850;198
11:16:42;62.860;50
11:16:42;62.860;12
11:16:42;62.860;14
11:16:42;62.860;253
11:16:42;62.860;211
11:16:42;62.860;29
11:16:42;62.860;74
11:16:40;62.870;125
11:16:40;62.870;58
11:16:40;62.870;123
11:16:23;62.870;1
11:16:21;62.870;1
11:16:21;62.870;1
11:16:21;62.870;66
11:16:21;62.870;60
11:16:20;62.870;53
11:16:20;62.870;92
11:16:20;62.870;279
11:16:20;62.870;1893
11:16:20;62.870;658
11:16:20;62.870;342
11:16:20;62.870;342
11:16:20;62.870;658
11:16:19;62.870;107
11:16:19;62.870;6
11:16:19;62.870;361
11:16:19;62.870;677
11:16:19;62.870;107
11:16:19;62.870;154
11:16:17;62.860;86
11:16:15;62.860;133
11:16:15;62.860;86
11:16:11;62.870;62
11:16:11;62.860;8
11:16:11;62.860;125
11:16:11;62.860;262
11:16:10;62.850;148
11:16:04;62.850;88
11:16:04;62.850;214
11:16:04;62.850;16
11:16:01;62.840;7
11:16:01;62.840;88
11:16:01;62.840;30
11:16:01;62.840;291
11:16:01;62.840;34
11:16:01;62.840;103
11:16:00;62.830;51
11:16:00;62.830;118
11:16:00;62.830;408
11:15:28;62.820;42
11:15:28;62.820;153
11:15:28;62.820;53
11:14:58;62.820;64
11:14:58;62.820;5
11:14:58;62.820;130
11:14:58;62.820;125
11:14:55;62.820;162
11:14:55;62.820;120
11:14:55;62.820;125
11:14:55;62.820;60
11:14:50;62.820;126
11:14:50;62.820;204
11:14:50;62.820;8
11:14:50;62.820;109
11:14:47;62.820;16
11:14:36;62.830;8
11:14:36;62.830;125
11:14:33;62.830;86
11:14:33;62.830;86
11:14:29;62.830;103
11:14:14;62.810;136
11:14:14;62.810;5
11:14:14;62.810;124
11:14:14;62.820;137
11:14:14;62.820;125
11:14:02;62.820;127
11:14:02;62.820;48
11:13:59;62.810;379
11:13:56;62.800;125
11:13:56;62.800;138
11:13:50;62.800;358
11:13:40;62.810;125
11:13:40;62.810;125
11:13:40;62.810;125
11:13:37;62.810;125
11:13:37;62.810;125
11:13:37;62.810;125
11:13:37;62.810;163
11:13:37;62.810;103
11:13:37;62.810;52
11:13:37;62.810;328
11:13:37;62.810;124
11:13:37;62.810;90
11:13:37;62.810;58
11:13:37;62.800;163
11:13:37;62.800;178
11:13:37;62.800;160
11:13:20;62.810;125
11:13:10;62.810;117
11:13:10;62.810;164
11:13:10;62.810;103
11:13:10;62.810;380
