62.810;1719997990
62.810;1719997990
62.810;1719997990
62.810;1719997990
62.810;1719997990
62.810;1719997990
62.810;1719997990
62.810;1719998000
62.800;1719998017
62.800;1719998017
62.800;1719998017
62.810;1719998017
62.810;1719998017
62.810;1719998017
62.810;1719998017
62.810;1719998017
62.810;1719998017
62.810;1719998017
62.810;1719998017
62.810;1719998017
62.810;1719998017
62.810;1719998020
62.810;1719998020
62.810;1719998020
62.800;1719998030
62.800;1719998036
62.800;1719998036
62.810;1719998039
62.820;1719998042
62.820;1719998042
62.820;1719998054
62.820;1719998054
62.810;1719998054
62.810;1719998054
62.810;1719998054
62.830;1719998069
62.830;1719998073
62.830;1719998073
62.830;1719998076
62.830;1719998076
62.820;1719998087
62.820;1719998090
62.820;1719998090
62.820;1719998090
62.820;1719998090
62.820;1719998095
62.820;1719998095
62.820;1719998095
62.820;1719998095
62.820;1719998098
62.820;1719998098
62.820;1719998098
62.820;1719998098
62.820;1719998128
62.820;1719998128
62.820;1719998128
62.830;1719998160
62.830;1719998160
62.830;1719998160
62.840;1719998161
62.840;1719998161
62.840;1719998161
62.840;1719998161
62.840;1719998161
62.840;1719998161
62.850;1719998164
62.850;1719998164
62.850;1719998164
62.850;1719998170
62.860;1719998171
62.860;1719998171
62.860;1719998171
62.870;1719998171
62.860;1719998175
62.860;1719998175
62.860;1719998177
62.870;1719998179
62.870;1719998179
62.870;1719998179
62.870;1719998179
62.870;1719998179
62.870;1719998179
62.870;1719998180
62.870;1719998180
62.870;1719998180
62.870;1719998180
62.870;1719998180
62.870;1719998180
62.870;1719998180
62.870;1719998180
62.870;1719998181
62.870;1719998181
62.870;1719998181
62.870;1719998181
62.870;1719998183
62.870;1719998200
62.870;1719998200
62.870;1719998200
62.860;1719998202
62.860;1719998202
62.860;1719998202
62.860;1719998202
62.860;1719998202
62.860;1719998202
62.860;1719998202
62.850;1719998203
62.840;1719998206
62.840;1719998206
62.840;1719998206
62.840;1719998206
62.830;1719998208
62.810;1719998221
62.810;1719998221
62.810;1719998221
62.810;1719998221
62.820;1719998224
62.820;1719998224
62.820;1719998229
62.820;1719998229
62.810;1719998257
62.820;1719998276
62.800;1719998287
62.800;1719998287
62.800;1719998287
62.800;1719998287
62.790;1719998294
62.790;1719998294
62.810;1719998312
62.810;1719998312
62.830;1719998312
62.840;1719998327
62.840;1719998327
62.830;1719998327
62.830;1719998327
62.840;1719998328
62.840;1719998333
62.840;1719998333
62.840;1719998333
62.850;1719998342
62.850;1719998342
62.850;1719998342
62.870;1719998360
62.870;1719998360
62.860;1719998360
62.860;1719998360
62.860;1719998360
62.860;1719998360
62.860;1719998360
62.860;1719998360
62.860;1719998361
62.860;1719998382
62.860;1719998382
62.865;1719998382
62.860;1719998382
62.860;1719998382
62.870;1719998383
62.870;1719998383
62.870;1719998383
62.870;1719998383
62.870;1719998383
62.870;1719998383
62.870;1719998383
62.870;1719998383
62.870;1719998383
62.880;1719998396
62.880;1719998396
62.880;1719998396
62.880;1719998396
62.880;1719998396
62.880;1719998396
62.880;1719998396
62.880;1719998396
62.880;1719998396
62.880;1719998396
62.880;1719998396
62.890;1719998398
62.890;1719998398
62.890;1719998398
62.890;1719998398
62.890;1719998398
62.890;1719998398
62.890;1719998398
62.890;1719998398
62.890;1719998398
62.880;1719998398
62.880;1719998398
62.880;1719998398
62.880;1719998398
62.880;1719998398
62.880;1719998398
62.880;1719998398
62.880;1719998398
62.880;1719998398
62.870;1719998398
62.870;1719998398
62.870;1719998398
62.870;1719998398
62.890;1719998404
62.890;1719998404
62.890;1719998404
62.890;1719998404
62.890;1719998405
62.890;1719998405
62.890;1719998405
62.880;1719998411
62.870;1719998411
62.870;1719998411
62.870;1719998411
62.870;1719998411
62.870;1719998411
62.870;1719998411
62.870;1719998411
62.870;1719998411
62.870;1719998413
62.870;1719998413
62.870;1719998413
62.870;1719998413
62.880;1719998413
62.880;1719998413
62.865;1719998437
62.860;1719998439
62.850;1719998439
62.840;1719998455
62.850;1719998458
62.850;1719998458
62.850;1719998458
62.840;1719998470
62.840;1719998470
62.830;1719998470
62.840;1719998473
62.840;1719998473
62.840;1719998473
62.840;1719998473
62.865;1719998485
62.865;1719998485
62.860;1719998495
62.860;1719998495
62.850;1719998495
62.850;1719998495
62.850;1719998495
62.850;1719998495
62.850;1719998495
62.850;1719998505
62.840;1719998508
62.840;1719998508
62.840;1719998508
62.840;1719998508
62.840;1719998508
62.840;1719998508
62.830;1719998510
62.830;1719998514
62.850;1719998523
62.850;1719998523
62.860;1719998548
62.860;1719998560
62.860;1719998560
62.860;1719998561
62.860;1719998561
62.860;1719998563
62.860;1719998563
62.860;1719998563
62.840;1719998586
62.840;1719998586
62.840;1719998586
62.830;1719998591
62.830;1719998591
62.830;1719998591
62.850;1719998591
62.850;1719998591
62.860;1719998609
62.860;1719998609
62.850;1719998615
62.860;1719998622
62.850;1719998633
62.840;1719998635
62.850;1719998638
62.850;1719998638
62.850;1719998638
62.850;1719998638
62.850;1719998638
62.850;1719998638
62.850;1719998638
62.850;1719998638
62.860;1719998638
62.860;1719998638
62.860;1719998638
62.860;1719998638
62.860;1719998638
62.860;1719998638
62.860;1719998638
62.860;1719998638
62.860;1719998638
62.860;1719998638
62.870;1719998638
62.870;1719998638
62.870;1719998638
62.870;1719998638
62.870;1719998638
62.870;1719998638
62.870;1719998638
62.870;1719998638
62.870;1719998638
62.870;1719998638
62.870;1719998638
62.850;1719998638
62.850;1719998638
62.860;1719998641
62.860;1719998641
62.860;1719998641
62.860;1719998641
62.860;1719998641
62.860;1719998641
62.860;1719998641
62.860;1719998641
62.860;1719998641
62.870;1719998641
62.870;1719998641
62.870;1719998641
62.870;1719998641
62.870;1719998641
62.870;1719998641
62.870;1719998641
62.870;1719998641
62.870;1719998641
62.870;1719998641
62.870;1719998641
62.870;1719998641
62.880;1719998641
62.870;1719998645
62.880;1719998655
62.880;1719998655
62.880;1719998665
62.880;1719998665
62.880;1719998681
62.880;1719998681
62.870;1719998684
62.870;1719998684
62.870;1719998684
62.890;1719998701
62.890;1719998701
62.890;1719998701
62.890;1719998701
62.890;1719998701
62.890;1719998701
62.890;1719998701
62.890;1719998701
62.890;1719998701
62.900;1719998711
62.900;1719998711
62.900;1719998711
62.900;1719998711
62.900;1719998711
62.900;1719998711
62.900;1719998711
62.900;1719998711
62.900;1719998711
62.900;1719998711
62.900;1719998711
62.900;1719998711
62.900;1719998711
62.900;1719998711
62.900;1719998711
62.900;1719998711
62.900;1719998711
62.900;1719998711
62.900;1719998711
62.900;1719998711
62.900;1719998711
62.900;1719998711
62.900;1719998711
62.910;1719998712
62.910;1719998712
62.910;1719998712
62.910;1719998712
62.910;1719998712
62.910;1719998712
62.910;1719998712
62.910;1719998712
62.910;1719998714
62.910;1719998714
62.910;1719998714
62.910;1719998714
62.910;1719998714
62.910;1719998722
62.900;1719998724
62.900;1719998724
62.900;1719998724
62.900;1719998724
62.900;1719998724
62.900;1719998724
62.900;1719998724
62.890;1719998724
62.890;1719998724
62.890;1719998724
62.890;1719998724
62.890;1719998724
62.900;1719998724
62.900;1719998724
62.900;1719998724
62.900;1719998724
62.895;1719998724
62.900;1719998755
62.900;1719998756
62.880;1719998773
62.880;1719998773
62.880;1719998773
62.880;1719998773
62.880;1719998773
62.880;1719998773
62.880;1719998773
62.880;1719998773
62.860;1719998776
62.860;1719998782
62.870;1719998782
62.870;1719998782
62.870;1719998785
62.870;1719998785
62.880;1719998807
62.880;1719998807
62.880;1719998807
62.880;1719998807
62.890;1719998807
62.890;1719998807
62.890;1719998807
62.890;1719998807
62.890;1719998807
62.890;1719998807
62.890;1719998807
62.890;1719998807
62.900;1719998807
62.900;1719998807
62.900;1719998807
62.900;1719998807
62.900;1719998807
62.900;1719998807
62.905;1719998807
62.900;1719998807
62.900;1719998807
62.900;1719998807
62.900;1719998807
62.900;1719998807
62.900;1719998807
62.900;1719998807
62.880;1719998807
62.880;1719998807
62.900;1719998807
62.910;1719998807
62.910;1719998807
62.910;1719998807
62.910;1719998810
62.910;1719998821
62.910;1719998837
62.900;1719998842
62.920;1719998844
62.920;1719998844
62.920;1719998844
62.920;1719998844
62.920;1719998844
62.920;1719998844
62.920;1719998844
62.920;1719998845
62.920;1719998848
62.920;1719998852
62.920;1719998852
62.920;1719998852
62.930;1719998870
62.930;1719998870
62.930;1719998870
62.930;1719998870
62.930;1719998870
62.930;1719998870
62.930;1719998870
62.930;1719998870
62.930;1719998870
62.930;1719998870
62.930;1719998873
62.930;1719998873
62.930;1719998877
62.930;1719998877
62.940;1719998897
62.940;1719998897
62.940;1719998897
62.940;1719998897
62.940;1719998899
62.940;1719998899
62.930;1719998901
62.930;1719998903
62.930;1719998903
62.920;1719998905
62.920;1719998905
62.910;1719998905
62.910;1719998905
62.910;1719998905
62.910;1719998905
62.910;1719998905
62.920;1719998905
62.950;1719998909
62.950;1719998909
62.950;1719998909
62.950;1719998909
62.950;1719998909
62.950;1719998909
62.950;1719998909
62.950;1719998909
62.950;1719998920
62.950;1719998920
62.950;1719998930
62.950;1719998930
62.950;1719998930
62.950;1719998936
62.950;1719998940
62.940;1719998942
62.950;1719998944
62.950;1719998951
62.950;1719998951
62.940;1719998951
62.940;1719998951
62.960;1719998968
62.950;1719998973
62.950;1719998976
62.950;1719998977
62.950;1719998977
62.940;1719998977
62.940;1719998977
62.940;1719998977
62.940;1719998977
62.950;1719998977
62.950;1719998977
62.960;1719998977
62.960;1719998977
62.960;1719998977
62.960;1719998977
62.960;1719998977
62.960;1719998977
62.960;1719998977
62.960;1719998977
62.960;1719998977
62.950;1719998978
62.950;1719998978
62.940;1719998980
62.950;1719998985
62.950;1719998985
62.960;1719998996
62.960;1719998996
62.960;1719998996
62.960;1719998996
62.960;1719998996
62.960;1719998996
62.960;1719998996
62.950;1719998998
62.950;1719998998
62.950;1719998998
62.950;1719998998
62.940;1719998998
62.940;1719998998
62.940;1719998998
62.940;1719998998
62.950;1719998998
62.950;1719998998
62.950;1719998998
62.940;1719999006
62.940;1719999006
62.930;1719999007
62.930;1719999007
62.930;1719999007
62.930;1719999007
62.930;1719999007
62.930;1719999007
62.930;1719999008
62.930;1719999008
62.940;1719999008
62.930;1719999008
62.940;1719999008
62.940;1719999008
62.940;1719999008
62.940;1719999010
62.930;1719999010
62.930;1719999021
62.940;1719999028
62.940;1719999028
62.940;1719999028
62.940;1719999028
62.930;1719999028
62.930;1719999028
62.930;1719999028
62.930;1719999028
62.930;1719999049
62.940;1719999049
62.940;1719999049
62.940;1719999049
62.940;1719999049
62.930;1719999055
62.930;1719999055
62.910;1719999055
62.910;1719999055
62.910;1719999055
62.910;1719999055
62.910;1719999055
62.930;1719999062
62.930;1719999062
62.920;1719999063
62.910;1719999080
62.900;1719999091
62.900;1719999091
62.900;1719999091
62.900;1719999091
62.900;1719999091
62.900;1719999091
62.900;1719999091
62.890;1719999091
62.890;1719999091
62.890;1719999091
62.890;1719999091
62.880;1719999091
62.880;1719999091
62.880;1719999091
62.870;1719999091
62.860;1719999091
62.860;1719999091
62.860;1719999092
62.860;1719999092
62.860;1719999095
62.860;1719999095
62.860;1719999098
62.860;1719999099
62.860;1719999102
62.870;1719999119
62.870;1719999120
62.870;1719999120
62.870;1719999120
62.870;1719999120
62.870;1719999120
62.870;1719999120
62.870;1719999120
62.870;1719999121
62.870;1719999121
62.870;1719999121
62.870;1719999138
62.880;1719999157
62.880;1719999157
62.880;1719999157
62.890;1719999157
62.880;1719999157
62.880;1719999157
62.880;1719999157
62.870;1719999158
62.870;1719999168
62.860;1719999180
62.860;1719999180
62.860;1719999180
62.870;1719999197
62.870;1719999197
62.870;1719999197
62.870;1719999197
62.870;1719999197
62.880;1719999200
62.880;1719999203
62.880;1719999203
62.880;1719999203
62.890;1719999209
62.900;1719999218
62.890;1719999218
62.890;1719999218
62.890;1719999218
62.890;1719999218
62.880;1719999218
62.880;1719999218
62.880;1719999218
62.880;1719999218
62.880;1719999218
62.880;1719999218
62.880;1719999218
62.880;1719999218
62.880;1719999218
62.880;1719999218
62.880;1719999218
62.880;1719999218
62.880;1719999218
62.880;1719999218
62.880;1719999219
62.880;1719999219
62.880;1719999219
62.880;1719999219
62.880;1719999219
62.870;1719999219
62.860;1719999223
62.860;1719999223
62.850;1719999223
62.850;1719999223
62.850;1719999223
62.840;1719999224
62.840;1719999224
62.840;1719999224
62.840;1719999224
62.840;1719999246
62.830;1719999257
62.830;1719999257
62.830;1719999257
62.830;1719999257
62.830;1719999257
62.820;1719999257
62.820;1719999257
62.820;1719999257
62.820;1719999257
62.820;1719999257
62.820;1719999257
62.820;1719999260
62.830;1719999261
62.830;1719999263
62.820;1719999264
62.800;1719999264
62.800;1719999264
62.800;1719999270
62.790;1719999301
62.790;1719999301
62.790;1719999301
62.790;1719999301
62.790;1719999301
62.790;1719999301
62.790;1719999301
62.800;1719999301
62.800;1719999301
62.800;1719999301
62.800;1719999301
62.800;1719999301
62.800;1719999301
62.800;1719999302
62.800;1719999302
62.800;1719999302
62.800;1719999302
62.800;1719999302
62.800;1719999302
62.800;1719999302
62.800;1719999325
62.800;1719999325
62.800;1719999325
62.800;1719999325
62.810;1719999329
62.830;1719999334
62.830;1719999334
62.830;1719999334
62.840;1719999334
62.840;1719999334
62.840;1719999334
62.840;1719999334
62.840;1719999334
62.840;1719999334
62.850;1719999334
62.850;1719999334
62.850;1719999334
62.850;1719999334
62.850;1719999334
62.850;1719999334
62.850;1719999334
62.850;1719999334
62.850;1719999334
62.850;1719999337
62.850;1719999337
62.850;1719999337
62.850;1719999337
62.860;1719999337
62.860;1719999337
62.860;1719999337
62.860;1719999337
62.860;1719999337
62.860;1719999337
62.860;1719999337
62.860;1719999337
62.870;1719999338
62.870;1719999338
62.870;1719999338
62.870;1719999338
62.870;1719999338
62.870;1719999338
62.870;1719999342
62.860;1719999342
62.860;1719999342
62.860;1719999342
62.860;1719999342
62.870;1719999342
62.870;1719999342
62.870;1719999342
62.880;1719999342
62.880;1719999348
62.870;1719999348
62.870;1719999348
62.870;1719999348
62.870;1719999348
62.870;1719999348
62.880;1719999349
62.880;1719999349
62.880;1719999349
62.880;1719999349
62.880;1719999349
62.870;1719999349
62.870;1719999349
62.870;1719999349
62.870;1719999349
62.870;1719999349
62.880;1719999352
62.880;1719999353
62.880;1719999354
62.870;1719999355
62.880;1719999360
62.870;1719999367
62.880;1719999368
62.870;1719999374
62.870;1719999374
62.870;1719999374
62.870;1719999375
62.870;1719999375
62.880;1719999378
62.880;1719999378
62.890;1719999385
62.890;1719999385
62.890;1719999385
62.890;1719999385
62.890;1719999385
62.890;1719999385
62.890;1719999385
62.890;1719999385
62.890;1719999385
62.890;1719999385
62.890;1719999385
62.890;1719999385
62.880;1719999385
62.880;1719999385
62.880;1719999385
62.880;1719999385
62.880;1719999397
62.880;1719999397
62.880;1719999397
62.880;1719999402
62.880;1719999402
62.880;1719999402
62.880;1719999402
62.890;1719999410
62.890;1719999417
62.890;1719999425
62.890;1719999425
62.890;1719999425
62.890;1719999429
62.890;1719999429
62.890;1719999442
62.890;1719999442
62.900;1719999448
62.920;1719999460
62.920;1719999461
62.910;1719999461
62.910;1719999461
62.910;1719999466
62.910;1719999466
62.920;1719999493
62.920;1719999493
62.920;1719999493
62.920;1719999514
62.920;1719999518
62.920;1719999518
62.910;1719999530
62.910;1719999530
62.910;1719999542
62.900;1719999549
62.900;1719999549
62.900;1719999549
62.900;1719999549
62.900;1719999549
62.900;1719999549
62.900;1719999549
62.900;1719999549
62.900;1719999551
62.900;1719999551
62.900;1719999551
62.900;1719999551
62.900;1719999551
62.900;1719999551
62.890;1719999551
62.900;1719999551
62.900;1719999551
62.900;1719999551
62.900;1719999553
62.900;1719999553
62.910;1719999558
62.910;1719999558
62.910;1719999561
62.910;1719999561
62.910;1719999575
62.900;1719999577
62.900;1719999577
62.900;1719999577
62.900;1719999577
62.910;1719999579
62.900;1719999580
62.900;1719999580
62.900;1719999580
62.900;1719999580
62.890;1719999584
62.890;1719999584
62.900;1719999589
62.900;1719999589
62.900;1719999589
62.900;1719999591
62.910;1719999599
62.910;1719999599
62.910;1719999599
62.910;1719999599
62.910;1719999599
62.910;1719999599
62.910;1719999599
62.920;1719999600
62.920;1719999600
62.920;1719999600
62.940;1719999604
62.940;1719999604
62.940;1719999604
62.940;1719999604
62.940;1719999604
62.930;1719999604
62.930;1719999604
62.930;1719999604
62.930;1719999604
62.930;1719999604
62.930;1719999604
62.930;1719999604
62.930;1719999604
62.930;1719999604
62.930;1719999604
62.930;1719999604
62.930;1719999605
62.930;1719999605
62.920;1719999621
62.920;1719999626
62.910;1719999639
62.910;1719999639
62.910;1719999639
62.910;1719999639
62.910;1719999639
62.910;1719999642
62.910;1719999656
62.910;1719999656
62.910;1719999657
62.890;1719999662
62.890;1719999662
62.910;1719999676
62.920;1719999677
62.920;1719999677
62.920;1719999677
62.920;1719999677
62.920;1719999677
62.920;1719999677
62.920;1719999677
62.920;1719999677
62.920;1719999677
62.910;1719999684
62.930;1719999685
62.910;1719999688
62.930;1719999694
62.930;1719999694
62.930;1719999733
62.920;1719999741
62.920;1719999741
62.920;1719999741
62.920;1719999741
62.920;1719999741
62.920;1719999741
62.920;1719999741
62.920;1719999741
62.910;1719999741
62.910;1719999741
62.910;1719999741
62.910;1719999741
62.910;1719999741
62.910;1719999741
62.910;1719999741
62.910;1719999741
62.910;1719999741
62.910;1719999741
62.910;1719999741
62.910;1719999741
62.910;1719999741
62.910;1719999741
62.910;1719999741
62.910;1719999741
62.920;1719999742
62.920;1719999742
62.920;1719999744
62.920;1719999744
62.920;1719999744
62.920;1719999744
62.920;1719999744
62.920;1719999744
62.910;1719999744
62.910;1719999744
62.910;1719999744
62.910;1719999744
62.910;1719999744
62.910;1719999744
62.910;1719999744
62.910;1719999744
62.920;1719999745
62.920;1719999745
62.920;1719999745
62.920;1719999745
62.920;1719999745
62.920;1719999745
62.930;1719999745
62.930;1719999745
62.930;1719999747
62.930;1719999747
62.930;1719999747
62.940;1719999750
62.940;1719999750
62.940;1719999750
62.940;1719999750
62.930;1719999750
62.930;1719999750
62.930;1719999750
62.930;1719999750
62.930;1719999750
62.930;1719999750
62.930;1719999750
62.920;1719999750
62.920;1719999750
62.920;1719999750
62.920;1719999750
62.920;1719999750
62.920;1719999750
62.920;1719999750
62.920;1719999750
62.910;1719999750
62.910;1719999750
62.910;1719999750
62.910;1719999750
62.910;1719999750
62.910;1719999750
62.910;1719999750
62.910;1719999750
62.920;1719999750
62.920;1719999751
62.920;1719999751
62.930;1719999751
62.930;1719999752
62.930;1719999752
62.930;1719999752
62.930;1719999752
62.930;1719999752
62.940;1719999752
62.940;1719999752
62.940;1719999752
62.940;1719999752
62.940;1719999753
62.940;1719999756
62.940;1719999756
62.940;1719999765
62.940;1719999765
62.950;1719999770
62.950;1719999770
62.950;1719999770
62.950;1719999770
62.950;1719999770
62.950;1719999770
62.950;1719999770
62.950;1719999770
62.950;1719999770
62.960;1719999770
62.960;1719999770
62.960;1719999770
62.960;1719999770
62.960;1719999770
62.960;1719999770
62.960;1719999771
62.960;1719999771
62.960;1719999771
62.960;1719999771
62.960;1719999771
62.960;1719999772
62.960;1719999772
62.960;1719999772
62.960;1719999772
62.960;1719999773
62.960;1719999776
62.970;1719999777
62.970;1719999777
62.970;1719999777
62.970;1719999777
62.970;1719999777
62.970;1719999777
62.970;1719999777
62.970;1719999777
62.970;1719999778
62.970;1719999778
62.970;1719999779
62.970;1719999779
62.970;1719999779
62.970;1719999779
62.970;1719999779
62.970;1719999786
62.970;1719999786
62.970;1719999786
62.970;1719999786
62.970;1719999786
62.970;1719999786
62.970;1719999786
62.970;1719999786
62.960;1719999788
62.970;1719999796
62.970;1719999796
62.960;1719999803
62.960;1719999803
62.960;1719999803
62.960;1719999803
62.960;1719999803
62.960;1719999803
62.960;1719999803
62.960;1719999803
62.970;1719999814
62.970;1719999816
62.970;1719999816
62.970;1719999828
62.970;1719999835
62.970;1719999839
62.970;1719999839
62.970;1719999840
62.970;1719999850
62.970;1719999850
62.970;1719999850
62.970;1719999851
62.970;1719999851
62.970;1719999851
62.970;1719999851
62.970;1719999851
62.970;1719999851
62.970;1719999852
62.970;1719999856
62.970;1719999856
62.970;1719999856
62.970;1719999856
62.970;1719999856
62.970;1719999857
62.970;1719999857
62.970;1719999857
62.970;1719999857
62.970;1719999857
62.970;1719999857
62.970;1719999857
62.980;1719999857
62.980;1719999857
62.980;1719999860
62.980;1719999860
62.980;1719999860
62.980;1719999860
62.980;1719999860
62.980;1719999860
62.980;1719999860
62.980;1719999860
62.980;1719999860
62.980;1719999860
62.980;1719999860
62.980;1719999860
62.980;1719999860
62.980;1719999861
62.980;1719999861
62.980;1719999861
62.980;1719999861
62.980;1719999861
62.980;1719999861
62.980;1719999861
62.980;1719999861
62.980;1719999861
62.980;1719999861
62.980;1719999861
62.980;1719999861
62.980;1719999861
62.980;1719999861
62.980;1719999861
62.990;1719999861
62.990;1719999861
62.990;1719999861
62.990;1719999861
62.990;1719999861
62.990;1719999861
62.990;1719999861
62.990;1719999861
62.990;1719999861
62.980;1719999861
62.980;1719999861
62.980;1719999861
62.980;1719999861
62.980;1719999861
62.980;1719999861
62.980;1719999861
62.980;1719999861
62.980;1719999861
62.980;1719999861
62.990;1719999861
62.990;1719999861
62.990;1719999861
62.990;1719999861
62.990;1719999861
62.990;1719999861
62.990;1719999861
62.990;1719999861
62.990;1719999861
62.990;1719999861
62.990;1719999861
62.990;1719999861
62.990;1719999861
62.990;1719999861
62.990;1719999861
62.990;1719999861
62.990;1719999861
62.990;1719999861
62.990;1719999861
62.990;1719999861
62.990;1719999861
62.990;1719999861
62.980;1719999861
62.980;1719999861
62.980;1719999861
62.980;1719999861
62.980;1719999861
62.980;1719999861
62.980;1719999861
62.980;1719999862
62.990;1719999862
62.990;1719999862
62.990;1719999862
62.990;1719999862
62.990;1719999862
62.990;1719999862
62.990;1719999862
62.990;1719999862
62.990;1719999862
62.990;1719999862
62.990;1719999862
62.990;1719999862
62.990;1719999862
63.000;1719999862
63.000;1719999862
63.000;1719999862
63.000;1719999862
63.000;1719999862
63.000;1719999862
63.000;1719999862
63.000;1719999862
63.000;1719999862
63.000;1719999862
63.000;1719999862
63.000;1719999862
63.000;1719999862
63.000;1719999862
63.000;1719999862
63.000;1719999862
63.000;1719999862
63.000;1719999862
63.000;1719999862
63.000;1719999862
63.000;1719999862
63.000;1719999862
63.000;1719999862
63.000;1719999862
63.000;1719999862
63.000;1719999862
63.000;1719999862
63.000;1719999862
63.000;1719999862
63.000;1719999862
63.000;1719999862
63.000;1719999862
63.000;1719999862
63.000;1719999862
63.000;1719999862
63.000;1719999862
63.000;1719999862
63.000;1719999862
63.000;1719999862
63.000;1719999862
63.000;1719999862
63.000;1719999862
63.000;1719999862
63.000;1719999862
63.000;1719999862
63.000;1719999862
63.000;1719999862
63.000;1719999862
63.000;1719999862
63.000;1719999862
63.000;1719999862
63.000;1719999862
63.000;1719999862
63.000;1719999862
63.000;1719999862
63.000;1719999862
63.000;1719999862
63.000;1719999862
63.000;1719999862
63.000;1719999862
63.000;1719999862
63.000;1719999862
63.000;1719999862
63.000;1719999862
63.000;1719999862
63.000;1719999862
63.000;1719999862
63.000;1719999862
63.000;1719999862
63.000;1719999862
63.000;1719999862
63.000;1719999862
63.000;1719999862
63.000;1719999862
63.000;1719999862
63.000;1719999862
63.010;1719999862
63.010;1719999862
63.020;1719999862
63.020;1719999862
63.020;1719999862
63.020;1719999862
63.020;1719999862
63.020;1719999862
63.020;1719999862
63.020;1719999862
63.010;1719999862
63.010;1719999862
63.000;1719999863
63.000;1719999863
63.000;1719999863
63.000;1719999863
63.000;1719999863
63.000;1719999863
63.000;1719999863
63.000;1719999863
63.000;1719999863
63.010;1719999863
63.010;1719999863
63.010;1719999863
63.010;1719999863
63.010;1719999863
63.010;1719999863
63.010;1719999863
63.000;1719999863
63.000;1719999863
63.000;1719999863
63.000;1719999863
63.000;1719999863
63.000;1719999863
63.000;1719999863
63.010;1719999863
63.010;1719999863
63.010;1719999865
63.010;1719999865
63.010;1719999865
63.000;1719999867
63.000;1719999867
63.000;1719999867
62.990;1719999867
62.990;1719999867
62.990;1719999867
62.990;1719999867
62.980;1719999867
62.980;1719999867
62.980;1719999867
62.980;1719999867
62.980;1719999867
62.980;1719999867
62.980;1719999867
62.980;1719999867
62.980;1719999867
62.980;1719999867
62.980;1719999867
62.980;1719999867
62.980;1719999867
62.980;1719999867
62.980;1719999867
62.980;1719999867
62.980;1719999867
62.980;1719999867
62.980;1719999869
62.980;1719999869
62.980;1719999869
62.980;1719999869
62.980;1719999869
62.980;1719999869
62.980;1719999869
62.980;1719999869
62.980;1719999869
62.980;1719999869
62.980;1719999869
62.980;1719999869
62.980;1719999869
62.980;1719999869
62.980;1719999869
62.980;1719999869
63.010;1719999874
63.010;1719999874
63.000;1719999877
63.000;1719999877
63.000;1719999877
63.000;1719999877
63.000;1719999877
63.000;1719999877
63.000;1719999877
63.000;1719999877
63.000;1719999877
63.000;1719999877
63.000;1719999877
63.000;1719999879
63.000;1719999879
62.990;1719999881
63.010;1719999884
63.010;1719999884
63.000;1719999884
63.000;1719999884
63.000;1719999884
63.000;1719999884
63.000;1719999884
62.990;1719999885
62.990;1719999885
62.990;1719999885
62.990;1719999885
62.990;1719999885
62.990;1719999885
62.990;1719999885
62.990;1719999885
62.980;1719999885
62.980;1719999885
62.980;1719999885
62.980;1719999885
62.980;1719999885
62.980;1719999885
62.980;1719999885
62.980;1719999885
62.990;1719999885
62.990;1719999885
62.990;1719999885
63.000;1719999888
63.000;1719999888
63.000;1719999888
62.990;1719999888
62.990;1719999888
62.990;1719999888
62.990;1719999888
62.990;1719999888
62.980;1719999889
62.980;1719999889
62.980;1719999889
62.980;1719999889
62.980;1719999889
62.980;1719999889
62.980;1719999889
62.980;1719999889
62.980;1719999889
62.980;1719999890
62.980;1719999890
62.980;1719999890
62.980;1719999890
62.980;1719999890
62.980;1719999890
62.980;1719999890
62.990;1719999897
62.990;1719999897
62.990;1719999897
62.980;1719999900
62.980;1719999900
62.980;1719999900
62.980;1719999900
62.980;1719999900
62.980;1719999900
62.990;1719999903
62.990;1719999903
62.990;1719999903
62.980;1719999907
62.980;1719999907
62.980;1719999907
62.980;1719999907
62.980;1719999907
62.980;1719999907
62.980;1719999908
62.980;1719999908
62.980;1719999909
62.980;1719999909
62.980;1719999909
62.980;1719999910
62.980;1719999910
62.980;1719999910
62.980;1719999910
62.980;1719999911
62.980;1719999911
62.980;1719999911
62.980;1719999911
62.980;1719999911
62.980;1719999911
62.980;1719999912
62.980;1719999912
62.980;1719999912
62.980;1719999912
62.980;1719999912
62.980;1719999912
62.980;1719999912
62.980;1719999912
62.980;1719999912
62.980;1719999912
62.980;1719999912
62.980;1719999912
62.980;1719999912
62.980;1719999912
62.980;1719999912
62.980;1719999912
62.970;1719999912
62.950;1719999912
62.950;1719999912
62.950;1719999913
62.950;1719999915
62.950;1719999915
62.950;1719999916
62.950;1719999917
62.950;1719999919
62.950;1719999919
62.950;1719999919
62.960;1719999921
62.950;1719999922
62.950;1719999941
62.950;1719999957
62.950;1719999958
62.950;1719999958
62.950;1719999958
62.950;1719999958
62.950;1719999984
62.950;1719999984
62.950;1719999984
62.950;1719999984
62.950;1719999984
62.950;1719999984
62.950;1719999986
62.940;1720000009
62.940;1720000009
62.940;1720000009
62.940;1720000026
62.940;1720000036
62.940;1720000036
62.940;1720000036
62.940;1720000036
62.940;1720000036
62.940;1720000036
62.950;1720000039
62.940;1720000050
62.940;1720000050
62.930;1720000058
62.920;1720000073
62.930;1720000094
62.930;1720000094
62.930;1720000094
62.930;1720000094
62.930;1720000094
62.930;1720000094
62.930;1720000094
62.930;1720000094
62.930;1720000094
62.930;1720000094
62.920;1720000094
62.920;1720000094
62.920;1720000094
62.920;1720000094
62.920;1720000094
62.920;1720000094
62.920;1720000094
62.920;1720000094
62.910;1720000099
62.910;1720000099
62.910;1720000099
62.910;1720000099
62.910;1720000108
62.910;1720000108
62.920;1720000122
62.920;1720000122
62.920;1720000122
62.920;1720000122
62.920;1720000122
62.930;1720000157
62.930;1720000157
62.930;1720000157
62.930;1720000157
62.930;1720000157
62.930;1720000157
62.930;1720000157
62.930;1720000157
62.930;1720000157
62.920;1720000160
62.910;1720000170
62.920;1720000179
62.920;1720000200
62.950;1720000205
62.950;1720000205
62.950;1720000205
62.940;1720000209
62.940;1720000209
62.940;1720000209
62.960;1720000214
62.960;1720000214
62.960;1720000214
62.950;1720000225
62.950;1720000225
62.950;1720000225
62.950;1720000225
62.960;1720000231
62.970;1720000237
62.970;1720000244
62.970;1720000244
62.960;1720000253
62.960;1720000253
62.960;1720000253
62.960;1720000253
62.960;1720000253
62.960;1720000257
62.960;1720000257
62.950;1720000260
62.950;1720000260
62.950;1720000260
62.940;1720000263
62.940;1720000263
62.940;1720000263
62.940;1720000263
62.940;1720000263
62.920;1720000268
62.920;1720000268
62.920;1720000268
62.920;1720000268
62.920;1720000268
62.920;1720000284
62.920;1720000284
62.930;1720000298
62.930;1720000298
62.930;1720000298
62.940;1720000306
62.940;1720000337
62.940;1720000337
62.940;1720000337
62.940;1720000338
62.940;1720000344
62.940;1720000345
62.940;1720000345
62.950;1720000349
62.960;1720000360
62.950;1720000383
62.930;1720000387
62.930;1720000390
62.910;1720000424
62.910;1720000424
62.920;1720000452
62.920;1720000461
62.910;1720000467
62.910;1720000467
62.910;1720000467
62.910;1720000467
62.910;1720000467
62.910;1720000467
62.930;1720000490
62.930;1720000490
62.930;1720000490
62.930;1720000490
62.930;1720000490
62.930;1720000490
62.940;1720000495
62.960;1720000503
62.960;1720000503
62.960;1720000503
62.960;1720000503
62.950;1720000508
62.940;1720000508
62.940;1720000508
62.940;1720000508
62.940;1720000508
62.930;1720000512
62.930;1720000512
62.930;1720000512
62.910;1720000516
62.930;1720000521
62.930;1720000521
62.960;1720000528
62.940;1720000559
62.940;1720000559
62.940;1720000559
62.940;1720000559
62.960;1720000590
62.960;1720000590
62.970;1720000598
62.960;1720000598
62.960;1720000598
62.960;1720000598
62.960;1720000598
62.960;1720000598
62.960;1720000598
62.960;1720000598
62.960;1720000598
62.960;1720000598
62.960;1720000598
62.960;1720000598
62.960;1720000598
62.960;1720000605
62.960;1720000605
62.970;1720000605
62.970;1720000605
62.970;1720000605
62.970;1720000605
62.970;1720000605
62.960;1720000611
62.960;1720000611
62.960;1720000611
62.970;1720000611
62.970;1720000611
62.970;1720000611
62.970;1720000611
62.970;1720000611
62.970;1720000611
62.970;1720000611
62.970;1720000611
62.970;1720000611
62.970;1720000611
62.970;1720000611
62.960;1720000619
62.930;1720000638
62.930;1720000641
62.920;1720000648
62.910;1720000653
62.910;1720000653
62.910;1720000653
62.920;1720000653
62.920;1720000653
62.940;1720000657
62.930;1720000666
62.930;1720000666
62.930;1720000666
62.940;1720000667
62.940;1720000667
62.940;1720000667
62.940;1720000667
62.950;1720000669
62.950;1720000669
62.950;1720000669
62.960;1720000684
62.960;1720000684
62.960;1720000684
62.960;1720000684
62.960;1720000684
62.960;1720000684
62.960;1720000684
62.960;1720000684
62.950;1720000684
62.950;1720000684
62.950;1720000684
62.950;1720000684
62.950;1720000684
62.950;1720000684
62.950;1720000684
62.950;1720000684
62.960;1720000688
62.960;1720000688
62.960;1720000688
62.960;1720000688
62.960;1720000688
62.960;1720000688
62.960;1720000688
62.960;1720000688
62.940;1720000689
62.950;1720000691
62.960;1720000693
62.960;1720000694
62.960;1720000694
62.960;1720000694
62.960;1720000698
62.980;1720000705
62.960;1720000708
62.960;1720000708
62.950;1720000717
62.950;1720000717
62.950;1720000717
62.950;1720000717
62.950;1720000717
62.950;1720000718
62.950;1720000721
62.950;1720000721
62.950;1720000721
62.950;1720000721
62.950;1720000721
62.950;1720000721
62.950;1720000721
62.950;1720000721
62.950;1720000721
62.940;1720000721
62.940;1720000721
62.940;1720000721
62.940;1720000721
62.940;1720000721
62.940;1720000721
62.940;1720000721
62.940;1720000721
62.940;1720000721
62.930;1720000721
62.930;1720000721
62.930;1720000721
62.930;1720000721
62.930;1720000721
62.920;1720000721
62.910;1720000721
62.910;1720000721
62.910;1720000721
62.910;1720000721
62.910;1720000721
62.910;1720000721
62.910;1720000721
62.910;1720000721
62.910;1720000721
62.910;1720000721
62.910;1720000721
62.910;1720000721
62.910;1720000721
62.910;1720000723
62.910;1720000725
62.910;1720000725
62.910;1720000725
62.910;1720000725
62.910;1720000725
62.910;1720000725
62.910;1720000725
62.920;1720000732
62.920;1720000732
62.920;1720000732
62.930;1720000735
62.930;1720000735
62.930;1720000735
62.930;1720000735
62.930;1720000735
62.930;1720000735
62.920;1720000735
62.920;1720000735
62.920;1720000735
62.920;1720000735
62.920;1720000735
62.920;1720000735
62.920;1720000735
62.920;1720000735
62.920;1720000735
62.920;1720000735
62.910;1720000735
62.910;1720000735
62.910;1720000735
62.910;1720000735
62.920;1720000764
62.920;1720000764
62.920;1720000764
62.920;1720000764
62.920;1720000764
62.925;1720000764
62.920;1720000764
62.920;1720000768
62.910;1720000787
62.910;1720000787
62.910;1720000787
62.910;1720000787
62.910;1720000787
62.910;1720000787
62.900;1720000811
62.910;1720000829
62.920;1720000830
62.920;1720000830
62.920;1720000830
62.920;1720000830
62.920;1720000881
62.920;1720000881
62.920;1720000881
62.960;1720000887
62.970;1720000895
62.960;1720000895
62.960;1720000895
62.960;1720000895
62.960;1720000896
62.960;1720000903
62.960;1720000906
62.960;1720000906
62.960;1720000906
62.960;1720000906
62.960;1720000910
62.960;1720000910
62.950;1720000910
62.950;1720000910
62.950;1720000910
62.950;1720000910
62.950;1720000910
62.950;1720000910
62.950;1720000910
62.950;1720000910
62.950;1720000911
62.950;1720000911
62.950;1720000911
62.950;1720000911
62.950;1720000911
62.970;1720000933
62.950;1720000964
62.950;1720000965
62.950;1720000985
62.960;1720001021
62.960;1720001021
62.960;1720001021
62.970;1720001024
62.970;1720001029
62.970;1720001031
62.970;1720001031
62.950;1720001031
62.950;1720001031
62.950;1720001031
62.970;1720001039
62.960;1720001055
62.950;1720001084
62.960;1720001087
62.960;1720001087
62.960;1720001087
62.960;1720001087
62.960;1720001087
62.960;1720001087
62.960;1720001109
62.960;1720001110
62.950;1720001118
62.940;1720001124
62.940;1720001124
62.940;1720001124
62.940;1720001124
62.940;1720001124
62.930;1720001126
62.920;1720001169
62.910;1720001173
62.910;1720001173
62.910;1720001174
62.910;1720001174
62.910;1720001174
62.920;1720001190
62.920;1720001190
62.920;1720001190
62.920;1720001190
62.920;1720001190
62.920;1720001190
62.920;1720001190
62.910;1720001190
62.910;1720001190
62.910;1720001190
62.900;1720001190
62.900;1720001190
62.900;1720001190
62.900;1720001190
62.900;1720001190
62.900;1720001190
62.900;1720001190
62.900;1720001190
62.900;1720001190
62.900;1720001190
62.890;1720001190
62.890;1720001197
62.890;1720001197
62.900;1720001200
62.900;1720001200
62.900;1720001202
62.900;1720001202
62.900;1720001202
62.920;1720001212
62.920;1720001212
62.920;1720001223
62.920;1720001223
62.920;1720001223
62.920;1720001223
62.920;1720001223
62.910;1720001223
62.910;1720001223
62.910;1720001230
62.910;1720001230
62.910;1720001230
62.920;1720001236
62.920;1720001236
62.920;1720001236
62.920;1720001236
62.900;1720001254
62.900;1720001254
62.900;1720001254
62.900;1720001254
62.910;1720001261
62.930;1720001261
62.930;1720001261
62.930;1720001262
62.930;1720001262
62.930;1720001262
62.930;1720001262
62.930;1720001262
62.930;1720001262
62.930;1720001262
62.940;1720001274
62.940;1720001274
62.940;1720001274
62.950;1720001274
62.950;1720001274
62.950;1720001274
62.950;1720001274
